ID,Phone,First,Last,Email
1234,5712879833,Sofia Isabelle, Rahimi, sofia.i.rahimi@gmail.com
5678,2023741317,Adam, Treece, kadaffy@yahoo.com
9101,3016659801,George, Salinas,salinas@hotmail.com
1121,9098761234,Audrey, Siobhain, audreysiobh@yahoo.com
3141,7036736088,Lizbeth, Rahimi, lizbethlarrainzar@gmail.com
5161,5713321089,Alicia, Keys, aliciakeys@yahoo.com
7555,7038395260,Alison, John, alison.john@yahoo.com
0980,6109557124,Salomon, Cohen, salomoncohen@hotmail.com
1473,5712346661,Sahar, Rahimi, wahabi@gmail.com
4532,7037677771, Bryan, Smith, bryansmith@hotmail.com,
8181,6069783451,Julia, Stocks, cutiepie@yahoo.com
9000,9112345666,Angelina,Jolie,angelinajolie@gmail.com
9877,9067891234,Haider,Dost,dostghulam@yahoo.com
1234,5712879833,Sofia Isabelle, Rahimi, sofia.i.rahimi@gmail.com
5678,2023741317,Adam, Treece, kadaffy@yahoo.com
9101,3016659801,George, Salinas,salinas@hotmail.com
1121,9098761234,Audrey, Siobhain, audreysiobh@yahoo.com
3141,7036736088,Lizbeth, Rahimi, lizbethlarrainzar@gmail.com
5161,5713321089,Alicia, Keys, aliciakeys@yahoo.com
7555,7038395260,Alison, John, alison.john@yahoo.com
0980,6109557124,Salomon, Cohen, salomoncohen@hotmail.com
1473,5712346661,Sahar, Rahimi, wahabi@gmail.com
4532,7037677771, Bryan, Smith, bryansmith@hotmail.com,
8181,6069783451,Julia, Stocks, cutiepie@yahoo.com
9000,9112345666,Angelina,Jolie,angelinajolie@gmail.com
9877,9067891234,Haider,Dost,dostghulam@yahoo.com
1234,5712879833,Sofia Isabelle, Rahimi, sofia.i.rahimi@gmail.com
5678,2023741317,Adam, Treece, kadaffy@yahoo.com
9101,3016659801,George, Salinas,salinas@hotmail.com
1121,9098761234,Audrey, Siobhain, audreysiobh@yahoo.com
3141,7036736088,Lizbeth, Rahimi, lizbethlarrainzar@gmail.com
5161,5713321089,Alicia, Keys, aliciakeys@yahoo.com
7555,7038395260,Alison, John, alison.john@yahoo.com
0980,6109557124,Salomon, Cohen, salomoncohen@hotmail.com
1473,5712346661,Sahar, Rahimi, wahabi@gmail.com
4532,7037677771, Bryan, Smith, bryansmith@hotmail.com,
8181,6069783451,Julia, Stocks, cutiepie@yahoo.com
9000,9112345666,Angelina,Jolie,angelinajolie@gmail.com
9877,9067891234,Haider,Dost,dostghulam@yahoo.com
1234,5712879833,Sofia Isabelle, Rahimi, sofia.i.rahimi@gmail.com
5678,2023741317,Adam, Treece, kadaffy@yahoo.com
9101,3016659801,George, Salinas,salinas@hotmail.com
1121,9098761234,Audrey, Siobhain, audreysiobh@yahoo.com
3141,7036736088,Lizbeth, Rahimi, lizbethlarrainzar@gmail.com
5161,5713321089,Alicia, Keys, aliciakeys@yahoo.com
7555,7038395260,Alison, John, alison.john@yahoo.com
0980,6109557124,Salomon, Cohen, salomoncohen@hotmail.com
1473,5712346661,Sahar, Rahimi, wahabi@gmail.com
4532,7037677771, Bryan, Smith, bryansmith@hotmail.com,
8181,6069783451,Julia, Stocks, cutiepie@yahoo.com
9000,9112345666,Angelina,Jolie,angelinajolie@gmail.com
9877,9067891234,Haider,Dost,dostghulam@yahoo.com
1234,5712879833,Sofia Isabelle, Rahimi, sofia.i.rahimi@gmail.com
5678,2023741317,Adam, Treece, kadaffy@yahoo.com
9101,3016659801,George, Salinas,salinas@hotmail.com
1121,9098761234,Audrey, Siobhain, audreysiobh@yahoo.com
3141,7036736088,Lizbeth, Rahimi, lizbethlarrainzar@gmail.com
5161,5713321089,Alicia, Keys, aliciakeys@yahoo.com
7555,7038395260,Alison, John, alison.john@yahoo.com
0980,6109557124,Salomon, Cohen, salomoncohen@hotmail.com
1473,5712346661,Sahar, Rahimi, wahabi@gmail.com
4532,7037677771, Bryan, Smith, bryansmith@hotmail.com,
8181,6069783451,Julia, Stocks, cutiepie@yahoo.com
9000,9112345666,Angelina,Jolie,angelinajolie@gmail.com
9877,9067891234,Haider,Dost,dostghulam@yahoo.com
1234,5712879833,Sofia Isabelle, Rahimi, sofia.i.rahimi@gmail.com
5678,2023741317,Adam, Treece, kadaffy@yahoo.com
9101,3016659801,George, Salinas,salinas@hotmail.com
1121,9098761234,Audrey, Siobhain, audreysiobh@yahoo.com
3141,7036736088,Lizbeth, Rahimi, lizbethlarrainzar@gmail.com
5161,5713321089,Alicia, Keys, aliciakeys@yahoo.com
7555,7038395260,Alison, John, alison.john@yahoo.com
0980,6109557124,Salomon, Cohen, salomoncohen@hotmail.com
1473,5712346661,Sahar, Rahimi, wahabi@gmail.com
4532,7037677771, Bryan, Smith, bryansmith@hotmail.com,
8181,6069783451,Julia, Stocks, cutiepie@yahoo.com
9000,9112345666,Angelina,Jolie,angelinajolie@gmail.com
9877,9067891234,Haider,Dost,dostghulam@yahoo.com
1234,5712879833,Sofia Isabelle, Rahimi, sofia.i.rahimi@gmail.com
5678,2023741317,Adam, Treece, kadaffy@yahoo.com
9101,3016659801,George, Salinas,salinas@hotmail.com
1121,9098761234,Audrey, Siobhain, audreysiobh@yahoo.com
3141,7036736088,Lizbeth, Rahimi, lizbethlarrainzar@gmail.com
5161,5713321089,Alicia, Keys, aliciakeys@yahoo.com
7555,7038395260,Alison, John, alison.john@yahoo.com
0980,6109557124,Salomon, Cohen, salomoncohen@hotmail.com
1473,5712346661,Sahar, Rahimi, wahabi@gmail.com
4532,7037677771, Bryan, Smith, bryansmith@hotmail.com,
8181,6069783451,Julia, Stocks, cutiepie@yahoo.com
9000,9112345666,Angelina,Jolie,angelinajolie@gmail.com
9877,9067891234,Haider,Dost,dostghulam@yahoo.com
1234,5712879833,Sofia Isabelle, Rahimi, sofia.i.rahimi@gmail.com
5678,2023741317,Adam, Treece, kadaffy@yahoo.com
9101,3016659801,George, Salinas,salinas@hotmail.com
1121,9098761234,Audrey, Siobhain, audreysiobh@yahoo.com
3141,7036736088,Lizbeth, Rahimi, lizbethlarrainzar@gmail.com
5161,5713321089,Alicia, Keys, aliciakeys@yahoo.com
7555,7038395260,Alison, John, alison.john@yahoo.com
0980,6109557124,Salomon, Cohen, salomoncohen@hotmail.com
1473,5712346661,Sahar, Rahimi, wahabi@gmail.com
4532,7037677771, Bryan, Smith, bryansmith@hotmail.com,
8181,6069783451,Julia, Stocks, cutiepie@yahoo.com
9000,9112345666,Angelina,Jolie,angelinajolie@gmail.com
9877,9067891234,Haider,Dost,dostghulam@yahoo.com
1234,5712879833,Sofia Isabelle, Rahimi, sofia.i.rahimi@gmail.com
5678,2023741317,Adam, Treece, kadaffy@yahoo.com
9101,3016659801,George, Salinas,salinas@hotmail.com
1121,9098761234,Audrey, Siobhain, audreysiobh@yahoo.com
3141,7036736088,Lizbeth, Rahimi, lizbethlarrainzar@gmail.com
5161,5713321089,Alicia, Keys, aliciakeys@yahoo.com
7555,7038395260,Alison, John, alison.john@yahoo.com
0980,6109557124,Salomon, Cohen, salomoncohen@hotmail.com
1473,5712346661,Sahar, Rahimi, wahabi@gmail.com
4532,7037677771, Bryan, Smith, bryansmith@hotmail.com,
8181,6069783451,Julia, Stocks, cutiepie@yahoo.com
9000,9112345666,Angelina,Jolie,angelinajolie@gmail.com
9877,9067891234,Haider,Dost,dostghulam@yahoo.com
